name,institucion,provincia,pais
"Abba, Agustín M.","Centro de Estudios Parasitológicos y de Vectores (CEPAVE), Universidad Nacional de La Plata - CONICET","Buenos Aires",Argentina
"Abranson, Raúl","Parque Provincial Salto Encantado, Ministerio de Ecología y Recursos Naturales Renovables, Gobierno de la Provincia de Misiones",Misiones,Argentina
"Abuin, Rafael","The Conservation Land Trust Argentina (CLT), Mercedes",Corrientes,Argentina
"Acebes, Pablo","Universidad Autónoma de Madrid",,España
"Agostini, Ilaria","Instituto de Biología Subtropical (IBS), CONICET-Universidad Nacional de Misiones y Centro de Investigaciones del Bosque Atlántico (CeIBA), Puerto Iguazú",Misiones,Argentina
"Agüero, Alejandro J.","Departamento Académico de Ciencias Exactas, Físicas y Naturales (DACEFyN), Universidad Nacional de La Rioja, Chamical","La Rioja",Argentina
"Álamo Iriarte, Ana Paula","EEA-Anguil, Instituto Nacional de Tecnología Agropecuaria (INTA)","La Pampa",Argentina
"Albanese, M. Soledad","Instituto Argentino de Investigaciones de las Zonas Áridas (IADIZA), CCT Mendoza - CONICET",Mendoza,Argentina
"Albanesi, Sebastián","Instituto de Biodiversidad Neotropical, Universidad Nacional de Tucumán - CONICET, Yerba Buena",Tucumán,Argentina
"Albrecht, Christian D.","Departamento Académico de Ciencias Exactas, Físicas y Naturales (DACEFyN), Universidad Nacional de La Rioja","La Rioja",Argentina
"Alcalde, Ana Sofía","Instituto de Ecorregiones Andinas (INECOA), Universidad Nacional de Jujuy - CONICET, S.S. de Jujuy",Jujuy,Argentina
"Alderete, Edgar",,,Argentina
"Alonso Roldán, Virginia","Grupo de Investigación en Gestión, Economía y Desarrollo Territorial (GEDT), Facultad Regional de Chubut, Universidad Tecnológica Nacional, Puerto Madryn",Chubut,Argentina
"Alveira, Mariela","Programa SIPAP, Secretaria de Ambiente y Desarrollo Sustentable de Salta",Salta,Argentina
"Amoroso, Ariel","Reserva El Potrero, Gualeguaychú","Entre Ríos",Argentina
"Anderson, Christopher B.","Centro Austral de Investigaciones Científicas y Técnicas (CADIC-CONICET) e Instituto de Ciencias Polares, Ambiente y Recursos Naturales (ICPA), Universidad Nacional de Tierra del Fuego (UNTDF), Ushuaia","Tierra del Fuego",Argentina
"Andrade, Analía","Instituto Patagónico de Ciencias Sociales y Humanas, CCT-CENPAT-CONICET, Puerto Madryn",Chubut,Argentina
"Apellaniz, Melisa","Dirección Nacional de Fauna y Conservación de la Biodiversidad, Secretaría de Ambiente y Desarrollo Sustentable de la Nación",CABA,Argentina
"Aprile, Gustavo","Asociación para la Conservación y Estudio de la Naturaleza (ACEN)","Buenos Aires",Argentina
"Aquino, Jesica","Grupo de Genética y Ecología en Conservación y Biodiversidad (GECOBI), Museo Argentino de Ciencias Naturales Bernardino Rivadavia-CONICET",CABA,Argentina
"Argoitia, María Antonella","Departamento de Biología, Facultad de Ciencias Exactas, Naturales y Agrimensura, Universidad Nacional del Nordeste (UNNE) y CONICET, Corrientes",Corrientes,Argentina
"Arias, Magdalena","Grupo de Investigación en Mamíferos Marinos del Golfo San Matías, Centro de Investigación Aplicada y Transferencia Tecnológica en Recursos Marinos Almirante Storni (CIMAS-CONICET)","Río Negro",Argentina
"Arrabal, Juan Pablo","Instituto Nacional de Medicina Tropical (INMET) y Centro de Investigaciones del Bosque Atlántico (CeIBA), Puerto Iguazú",Misiones,Argentina
"Arzamendia, Yanina","VICAM, Instituto de Ecorregiones Andinas (INECOA-CONICET) y Universidad Nacional de Jujuy, S.S. de Jujuy",Jujuy,Argentina
"Aschero, Valeria","Instituto Argentino de Nivología, Glaciolocía y Ciencias Ambientales (IANIGLA), CCT Mendoza - CONICET",Mendoza,Argentina
"Aued, Betina","Parque Nacional San Guillermo, Administración de Parques Nacionales","San Juan",Argentina
"Austrich, Ailin","Instituto de Investigaciones Marinas y Costeras (IIMyC), Facultad de Ciencias Exactas y Naturales, Universidad Nacional de Mar del Plata - CONICET, Mar del Plata","Buenos Aires",Argentina
"Autino, Analía G.","Programa de Investigaciones de Biodiversidad Argentina (PIDBA), Instituto Miguel Lillo, Universidad Nacional de Tucumán-CONICET, Programa de Conservación de los Murciélagos de Argentina (PCMA) y Fundación Miguel Lillo",Tucumán,Argentina
"Ayarragaray, Matías","Area de Zoología, Facultad de Química, Bioquímica y Farmacia, Universidad Nacional de San Luis","San Luis",Argentina
"Baigún, Román","Fundación Humedales",CABA,Argentina
"Baldo, Jorge L.","VICAM, Instituto de Ecorregiones Andinas (INECOA-CONICET) y Universidad Nacional de Jujuy, S.S. de Jujuy",Jujuy,Argentina
"Baldovino, María Celia","Instituto de Biología Subtropical (IBS), CONICET-Universidad Nacional de Misiones y Centro de Investigaciones del Bosque Atlántico (CeIBA), Puerto Iguazú",Misiones,Argentina
"Ballari, Sebastián A.","CENAC-APN, Parque Nacional Nahuel Huapi-CONICET, Bariloche","Río Negro",Argentina
"Barandiaran, Soledad","Facultad de Veterinaria, Universidad de Buenos Aires - CONICET",CABA,Argentina
"Bardavid, Sofía","Instituto de Ecorregiones Andinas (INECOA), Universidad Nacional de Jujuy - CONICET, S.S. de Jujuy",Jujuy,Argentina
"Bareiro, Ricardo","Dirección General de Bosques y Fauna, Ministerio de la Producción y Recursos Naturales de la Provincia de Santiago del Estero","Santiago del Estero",Argentina
"Bárquez, Rubén M.","Programa de Investigaciones de Biodiversidad Argentina (PIDBA), Instituto Miguel Lillo, Universidad Nacional de Tucumán-CONICET y Programa de Conservación de los Murciélagos de Argentina (PCMA)",Tucumán,Argentina
"Barreto, Paulo Andrés","Centro de Ecología Aplicada del Litoral",Corrientes,Argentina
"Barri, Fernando","Instituto de Diversidad y Ecología Animal (IDEA), CONICET-Universidad Nacional de Córdoba",Córdoba,Argentina
"Barrios-García, M. Noelia","CENAC-APN, Parque Nacional Nahuel Huapi-CONICET, Bariloche","Río Negro",Argentina
"Barros, Agustina","Instituto Argentino de Nivología, Glaciolocía y Ciencias Ambientales (IANIGLA), CCT Mendoza - CONICET",Mendoza,Argentina
"Barros, Mariano S.","Fundación Biodiversidad Argentina",CABA,Argentina
"Bastida, Ricardo","Instituto de Investigaciones Marinas y Costeras (IIMyC), Facultad de Ciencias Exactas y Naturales, Universidad Nacional de Mar del Plata-CONICET","Buenos Aires",Argentina
"Beade, Mario Santos","Parque Nacional Campos del Tuyú, Administración de Parques Nacionales, General Lavalle","Buenos Aires",Argentina
"Becerra, Federico","Grupo Morfología Funcional y Comportamiento, Instituto de Investigaciones Marinas y Costeras, Universidad Nacional de Mar del Plata - CONICET","Buenos Aires",Argentina
"Benítez, Verónica","Instituto de Ecología y Desarrollo Sustentable (INEDES), Universidad Nacional de Luján - CONICET","Buenos Aires",Argentina
"Bercê, Williams","Instituto de Biociencias, Universidad Estadual de Sao Paulo (UNESP)",,Brasil
"Birochio, Diego","Centro de Investigaciones y Transferencia de Río Negro, Universidad Nacional de Rio Negro - CONICET, Viedma","Río Negro",Argentina
"Bisceglia, Silvina",Independiente,CABA,Argentina
"Bó, Roberto F.","Grupo de Investigación en Ecología de Humedales (GIEH), Instituto de Ecología, Genética y Evolución de Buenos Aires, Universidad Nacional de Buenos Aires-CONICET y Facultad de Ciencias Exactas y Naturales (FCEyN, UBA)",CABA,Argentina
"Bobadilla, Yasmín","Grupo de Investigaciones de la Biodiversidad (GiB), Instituto Argentino de Investigaciones de Zonas Aridas (IADIZA), CCT CONICET Mendoza",Mendoza,Argentina
"Bodrati, Alejandro","Proyecto Selva Pino Paraná, Fundación Azara, San Pedro",Misiones,Argentina
"Boeris, Juan M.","Instituto de Biología Subtropical (IBS), CONICET-Universidad Nacional de Misiones, Posadas",Misiones,Argentina
"Boero, Lourdes","Laboratorio de Ecología Evolutiva y Biología Floral. Instituto Multidisciplinario de Biología Vegetal, Universidad Nacional de Córdoba-CONICET,  Córdoba",Córdoba,Argentina
"Boh, Daniel","Museo Municipal Punta Hermengo, Miramar","Buenos Aires",Argentina
"Bolgeri, María José","Instituto de Investigaciones en Biodiversidad y Medioambiente (INIBIOMA), Universidad Nacional del Comahue - CONICET y Wildlife Conservation Society (WCS), Junin de los Andes",Neuquén,Argentina
"Bolkovic, María Luisa","Dirección Nacional de Biodiversidad, Secretaría de Ambiente y Desarrollo Sustentable de la Nación",CABA,Argentina
"Bonino, Never","EEA-Bariloche, Instituto Nacional de Tecnología Agropecuaria (INTA), San Carlos de Bariloche","Río Negro",Argentina
"Borghi, Carlos E.","INTERBIODES (Interacciones Biológicas en el Desierto), CIGEOBIO (CONICET-UNSJ), y Departamento de Biología, FCEFyN, Universidad Nacional de San Juan","San Juan",Argentina
"Borgnia, Mariela","Instituto de Ecología y Desarrollo Sustentable (INEDES), Universidad Nacional de Luján - CONICET","Buenos Aires",Argentina
"Boscarol, Nadia","Fundacion Cethus",,Argentina
"Bracamonte, Julio César","Centro de Investigaciones Básicas y Aplicadas, Universidad Nacional de Jujuy y Dirección de Áreas Protegidas de la Provincia de Jujuy",Jujuy,Argentina
"Brandolín, Pablo G.","Universidad Nacional de Rio Cuarto",Córdoba,Argentina
"Briggs, Emily","Yale University y Proyecto Mirikiná",,"Estados Unidos"
"Brividoro, Melina V.","Centro de Investigaciones del Bosque Atlántico (CeIBA), Puerto Iguazú",Misiones,Argentina
"Brunetto, Lucía","Departamento de Conservación y Uso Público, Parque Nacional Calilegua, Administración de Parques Nacionales",Jujuy,Argentina
"Bruno, Federico","Dirección de Recursos Naturales, Subsecretaría de Recursos Agrarios, Gobierno de La Pampa, Santa Rosa","La Pampa",Argentina
"Burgos, Eliana","Instituto Nacional de Medicina Tropical (INMeT), Ministerio de Salud de la Nación, Puerto Iguazú",Misiones,Argentina
"Busch, María","Lab. de Ecología de Poblaciones, Instituto de Ecología, Genética y Evolución de Buenos Aires (IEGEBA), Universidad de Buenos Aires - CONICET",CABA,Argentina
"Byrne, Soledad","Universidad Nacional de Luján - CONICET","Buenos Aires",Argentina
"Cáceres, Manuel O.","Instituto Balseiro, Universidad Nacional de Cuyo y Centro Atómico Bariloche (CONAE), Bariloche","Río Negro",Argentina
"Cáceres, Roberto","Fundación Proyungas, Yerba Buena",Tucumán,Argentina
"Cáceres-Saez, Iris","Laboratorio de Ecología, Comportamiento y Mamíferos Marinos, División Mastozoología, Museo Argentino de Ciencias Naturales Bernardino Rivadavia (MACN-CONICET)",CABA,Argentina
"Calfayan, Laura","Lab. de Ecología de Poblaciones, Instituto de Ecología, Genética y Evolución de Buenos Aires (IEGEBA), Universidad de Buenos Aires - CONICET",CABA,Argentina
"Camino, Micaela","Laboratorio de Biología de la Conservación, Centro de Ecología Aplicada del Litoral (CECOAL) - CONICET",Corrientes,Argentina
"Campagna, Claudio","Marine Program, Widlife Conservation Society",,"Estados Unidos"
"Campos, Claudia M.","Instituto Argentino de Investigaciones de las Zonas Áridas (IADIZA), CCT Mendoza - CONICET",Mendoza,Argentina
"Campos, Valeria E.","INTERBIODES (Interacciones Biológicas en el Desierto), CIGEOBIO (CONICET-UNSJ), y Departamento de Biología, FCEFyN, Universidad Nacional de San Juan","San Juan",Argentina
"Cano, Paula Daniela","Parque Nacional Aconquija, Administración de Parques Nacionales",Tucumán,Argentina
"Cappa, Flavio M.","Centro de Investigaciones en Geosfera y Biosfera (CIGEOBIO), CONICET, CCT San Juan","San Juan",Argentina
"Cappozzo, H. Luis","Museo Argentino de Ciencias Naturales Bernardino Rivadavia - CONICET",CABA,Argentina
"Caraballo, Diego A.","Instituto de Fisiología, Biología Molecular y Neurociencias (IFIByNE), Facultad de Ciencias Exactas y Naturales, Universidad de Buenos Aires - CONICET",CABA,Argentina
"Carbajo, Anibal",,CABA,Argentina
"Carmanchahi, Pablo D.","Grupo de Investigaciones en Eco-Fisiología de Fauna Silvestre (GIEFAS), Instituto Nacional de Investigaciones en Biodiversidad y Medio Ambiente (INIBIOMA), Asentamiento Universitario San Martín de los Andes - Universidad Nacional del Comahue - CONICET, San Martín de los Andes",Neuquén,Argentina
"Carmarán, Ariel","Parque Nacional Iguazú, Administración de Parques Nacionales",Misiones,Argentina
"Carnovale, Cecilia Soledad","Centro de Bioinvestigaciones, Centro de Investigaciones y Transferencia del Noroeste de la Provincia de Buenos Aires (CIT-NOBA), UNNOBA-CONICET, Pergamino","Buenos Aires",Argentina
"Carpinetti, Bruno","Instituto de Ciencias Sociales y Administración, Universidad Nacional Arturo Jauretche","Buenos Aires",Argentina
"Carrizo, Luz Valeria","Laboratorio de Genética Evolutiva (LGE), FCEQyN, IBS-Posadas (UNaM-CONICET)",Misiones,Argentina
"Caruso, María Flavia","Dirección Regional Noroeste-CONICET, Administración de Parques Nacionales y Proyecto Jaguares en el Límite",Salta,Argentina
"Caruso, Nicolás","Grupo de Ecología Comportamental de Mamíferos (GECM) e Instituto de Ciencias Biológicas y Biomédicas del Sur (INBIOSUR), Universidad Nacional del Sur-CONICET, Bahía Blanca","Buenos Aires",Argentina
"Castellanos Insuasti, Francisco X.","Laboratorio de Genética Evolutiva, Facultad de Ciencias Exactas, Químicas y Naturales, Universidad Nacional de Misiones, Posadas",Misiones,Argentina
"Castilla, M. Cecilia","Centro de Investigaciones y Transferencia de Catamarca (CITCA), CONICET, San Fernando del Valle de Catamarca",Catamarca,Argentina
"Castillo, Diego F.","Instituto de Ciencias Biológicas y Biomédicas del Sur (INBIOSUR), Universidad Nacional del Sur-CONICET, Bahía Blanca","Buenos Aires",Argentina
"Castro, Lucila B.","Instituto de Diversidad y Ecología Animal (IDEA), CONICET-Universidad Nacional de Córdoba",Córdoba,Argentina
"Cavia, Regino","Lab. de Ecología de Poblaciones, Instituto de Ecología, Genética y Evolución de Buenos Aires (IEGEBA), Universidad de Buenos Aires - CONICET",CABA,Argentina
"Cavicchia, Marcelo","Delegación Regional Noreste, Administración de Parques Nacionales, Puerto Iguazú",Misiones,Argentina
"Cepeda, Carla","EEA-Santa Cruz, Instituto Nacional de Tecnología Agropecuaria (INTA), Río Gallegos","Santa Cruz",Argentina
"Chalcobsky, Ailén","Laboratorio de Mamíferos Marinos, CESIMAR-CONICET, Puerto Madryn",Chubut,Argentina
"Chalukián, Silvia","UICN, Tapir Specialist Group, Bariloche","Río Negro",Argentina
"Chehébar, Claudio","Dirección Regional Patagonia Norte, Administración de Parques Nacionales, Bariloche","Río Negro",Argentina
"Chemisquy, M. Amelia","Centro Regional de Investigaciones Científicas y Transferencia Tecnológica de La Rioja  (CRILAR) - Provincia de La Rioja, UNLaR, UNCa, SEGEMAR, CONICET","La Rioja",Argentina
"Chimento, Nicolás R.","Laboratorio de Anatomía Comparada y Evolución de los Vertebrados, Museo Argentino de Ciencias Naturales Bernardion Rivadavia - CONICET",CABA,Argentina
"Cirignoli, Sebastián","Centro de Investigaciones del Bosque Atlántico (CeIBA), Puerto Iguazú",Misiones,Argentina
"Claudio Sillero","Canid Specialist Group, IUCN y WildCRU, University of Oxford, Reino Unido",,"Reino Unido"
"Cockle, Kristina","Instituto de Biología Subtropical (IBS), CONICET-Universidad Nacional de Misiones y Proyecto Selva Pino Paraná, Fundación Azara, San Pedro",Misiones,Argentina
"Coda, José A.","Facultad de Ciencias Exactas, Físico-Químicas y Naturales, Universidad Nacional de Río Cuarto-CONICET",Córdoba,Argentina
"Corriale, María José","Instituto de Ecología, Genética y Evolución de Buenos Aires (IEGEBA-CONICET) y Facultad de Ciencias Exactas y Naturales, Universidad de Buenos Aires",CABA,Argentina
"Coscarella, Mariano A.","Laboratorio de Mamíferos Marinos, CESIMAR-CONICET, Puerto Madryn",Chubut,Argentina
"Costa, Sebastián","Instituto de Biología Subtropical (IBS), CONICET-Universidad Nacional de Misiones y Centro de Investigaciones del Bosque Atlántico (CeIBA), Puerto Iguazú",Misiones,Argentina
"Courtalón, Paula","Grupo de Investigación en Ecología de Humedales (GIEH), Instituto de Ecología, Genética y Evolución de Buenos Aires, Universidad Nacional de Buenos Aires-CONICET y Facultad de Ciencias Exactas y Naturales (FCEyN, UBA)",CABA,Argentina
"Crespo, Enrique","Laboratorio de Mamíferos Marinos, Centro para el Estudio de Sistemas Marinos, Centro Nacional Patagónico (CESIMAR - CENPAT – CONICET)",Chubut,Argentina
"Cristofani, Gonzalo","Secretaría de Ambiente y Desarrollo Sustentable de la Provincia de Salta, Salta",Salta,Argentina
"Cruz, Paula","Instituto de Biología Subtropical (IBS), CONICET-Universidad Nacional de Misiones y Centro de Investigaciones del Bosque Atlántico (CeIBA), Puerto Iguazú",Misiones,Argentina
"Cuevas, María Fernanda","Grupo de Investigaciones de la Biodiversidad (GiB), Instituto Argentino de Investigaciones de Zonas Aridas (IADIZA), CCT CONICET Mendoza",Mendoza,Argentina
"Curcio, Nadia","Grupo de Investigación en Mamíferos Marinos del Golfo San Matías, Centro de Investigación Aplicada y Transferencia Tecnológica en Recursos Marinos Almirante Storni (CIMAS-CONICET)","Río Negro",Argentina
"Cuyckens, Griet An Erica","Instituto de Ecorregiones Andinas (INECOA) y Centro de Estudios Territoriales y Sociales (CETAS), Universidad Nacional de Jujuy - CONICET, S. S. de Jujuy",Jujuy,Argentina
"D'Agostino, Romina","Grupo de Estudio de Mamíferos Terrestres (GEMT), Universidad Nacional de la Patagonia San Juan Bosco, Puerto Madryn",Chubut,Argentina
"Damino, M. Verónica","Programa de Investigaciones de Biodiversidad Argentina (PIDBA), Instituto Miguel Lillo, Universidad Nacional de Tucumán-CONICET y Programa de Conservación de los Murciélagos de Argentina (PCMA)",Tucumán,Argentina
"Daneri, Gustavo A.","Laboratorio de Sistemática, Anatomía y Bioecología de Mamíferos Marinos, División Mastozoología, Museo Argentino de Ciencias Naturales Bernardino Rivadavia-CONICET",CABA,Argentina
"Dans, Silvana L.","Laboratorio de Mamíferos Marinos, Centro para el Estudio de Sistemas Marinos, Centro Nacional Patagónico (CESIMAR - CENPAT – CONICET)",Chubut,Argentina
"Dassis, Mariela","Instituto de Investigaciones Marinas y Costeras (IIMyC), Facultad de Ciencias Exactas y Naturales, Universidad Nacional de Mar del Plata-CONICET","Buenos Aires",Argentina
"Dávalos, Victor","Proyecto Mirikiná y Fundación E.C.O., Formosa",Formosa,Argentina
"De Angelo, Carlos","Instituto de Biología Subtropical (IBS), CONICET-Universidad Nacional de Misiones y Proyecto Yaguareté, Centro de Investigaciones del Bosque Atlántico (CeIBA), Puerto Iguazú",Misiones,Argentina
"de Bustos, Soledad","Secretaría de Ambiente y Desarrollo Sustentable de la Provincia de Salta y Fundación Biodiversidad, Salta",Salta,Argentina
"de la Colina, Alicia","Fundación Temaikén, Escobar","Buenos Aires",Argentina
"Decarre, Julieta","Grupo Biodiversidad, Ecología y Gestion Ambiental en Agroecosistemas, Instituto de Recursos Biológicos (IRB), INTA, Hurlingham","Buenos Aires",Argentina
"Deferrari, Guillermo","Centro Austral de Investigaciones Científicas y Técnicas (CADIC-CONICET) e Instituto de Ciencias Polares, Ambiente y Recursos Naturales (ICPA), Universidad Nacional de Tierra del Fuego (UNTDF), Ushuaia","Tierra del Fuego",Argentina
"Degrati, Mariana","Laboratorio de Mamíferos Marinos, Centro para el Estudio de Sistemas Marinos, Centro Nacional Patagónico (CESIMAR - CENPAT – CONICET)",Chubut,Argentina
"Dellabianca, Natalia A.","Laboratorio de Ecologia y Conservación de Vida Silvestre, CADIC-CONICET y Museo Acatushún de Aves y Mamíferos Marinos Australes, Ushuaia","Tierra del Fuego",Argentina
"Demaría, Manuel","Estación Experimental Agropecuaria San Luis, INTA, Villa Mercedes","San Luis",Argentina
"DeMatteo, Karen","Environmental Studies, Department of Biology, Washington University, St. Louis",,"Estados Unidos"
"Denápole, Lara","Área Flora y Fauna, Ministerio de Medio Ambiente, Campo y Producción de la Provincia de San Luis","San Luis",Argentina
"Denuncio, Pablo E.","Instituto de Investigaciones Marinas y Costeras (IIMyC), Facultad de Ciencias Exactas y Naturales, Universidad Nacional de Mar del Plata-CONICET","Buenos Aires",Argentina
"Di Bitetti, Mario S.","Instituto de Biología Subtropical (IBS), CONICET-Universidad Nacional de Misiones, Facultad de Ciencias Forestales (FACFOR-UNaM) y Centro de Investigaciones del Bosque Atlántico (CeIBA), Puerto Iguazú",Misiones,Argentina
"Di Blanco, Yamil E.","Instituto de Biología Subtropical (IBS), CONICET-Universidad Nacional de Misiones y Centro de Investigaciones del Bosque Atlántico (CeIBA), Puerto Iguazú",Misiones,Argentina
"Di Giácomo, Alejandro","Reserva El Bagual, Aves Argentinas",Formosa,Argentina
"Di Martino, Sebastián","The Conservation Land Trust Argentina (CLT), Mercedes",Corrientes,Argentina
"Díaz, Gabriela","Facultad de Ciencias Exactas y Naturales, Universidad Nacional de Cuyo, Mendoza",Mendoza,Argentina
"Díaz, M. Mónica","Programa de Investigaciones de Biodiversidad Argentina (PIDBA), Instituto Miguel Lillo, Universidad Nacional de Tucumán-CONICET, Programa de Conservación de los Murciélagos de Argentina (PCMA) y Fundación Miguel Lillo",Tucumán,Argentina
"Diego Queirolo","Universidad de la República, Uruguay",,Uruguay
"Donadío, Emiliano","Instituto de Investigaciones en Biodiversidad y Medioambiente (INIBIOMA, CONICET-UNCo) y Centro de Ecología Aplicada del Neuquén (CEAN), Junín de los Andes",Neuquén,Argentina
"D´Agostino, Valeria C.","Laboratorio de Mamíferos Marinos, CESIMAR-CONICET, Puerto Madryn",Chubut,Argentina
"D´Angelo, Romina","Dirección Nacional de Biodiversidad, Secretaría de Ambiente y Desarrollo Sustentable de la Nación",CABA,Argentina
"d´Hiriart, Sofía","División Mastozoología, Museo Argentino de Ciencias Naturales Bernardino Rivadavia (MACN-CONICET)",CABA,Argentina
"D’Elía, Guillermo","Instituto de Ciencias Ambientales y Evolutivas, Facultad de Ciencias, Universidad Austral de Chile, Valdivia",,Chile
"Eberhardt, Ayelen","Laboratorio de Ecología de Enfermedades, Instituto de Ciencias Veterinarias del Litoral (ICiVet-Litoral), Universidad Nacional del Litoral (UNL) y CONICET, Esperanza","Santa Fe",Argentina
"Eder, Elena B.","Centro para el Estudio de los Sistemas Marinos, CESIMAR-CONICET, Puerto Madryn",Chubut,Argentina
"Els, Vermeulen","Mammal Research Institute Whale Unit, University of Pretoria, Cape Town",,Sudáfrica
"Ercoli, Marcos D.","Instituto de Ecorregiones Andinas (INECOA), Universidad Nacional de Jujuy - CONICET, S.S. de Jujuy",Jujuy,Argentina
"Escobar, Julio Martín","Laboratorio de Ecología Terrestre, Centro Austral de Investigaciones Científicas y Técnicas (CADIC-CONICET), Ushuaia","Tierra del Fuego",Argentina
"Faiella, Adrián","Centro de Rehabilitación de Fauna, Aquarium Mar del Plata","Buenos Aires",Argentina
"Failla, Mauricio","Fundación Cethus, Vicente López","Buenos Aires",Argentina
"Fantozzi, María Cecilia","Laboratorio de Ecología de Enfermedades, Instituto de Ciencias Veterinarias del Litoral (ICiVet-Litoral), Universidad Nacional del Litoral (UNL) y CONICET, Esperanza","Santa Fe",Argentina
"Farías, Ariel","Departamento de Ecologia y Gestión Ambiental, Centro Universitario del Este (CURE), Universidad de la República, Maldonado",,Uruguay
"Fariñas Torres, Thamara","Centro Regional de Investigaciones Científicas y Transferencia Tecnológica de La Rioja (CRILAR), Universidad Nacional de La Rioja - CONICET, Anillaco","La Rioja",Argentina
"Fasola, Laura","Dirección Regional Patagonia Norte, Administración de Parques Nacionales, Bariloche","Río Negro",Argentina
"Fernández, Gabriela Paula","Centro de Bioinvestigaciones, Centro de Investigaciones y Transferencia del Noroeste de la Provincia de Buenos Aires (CIT-NOBA), UNNOBA-CONICET, Pergamino","Buenos Aires",Argentina
"Fernández, Santiago","Laboratorio de Mamíferos Marinos, CESIMAR-CONICET, Puerto Madryn",Chubut,Argentina
"Fernández-Duque, Eduardo","Proyecto Mirikiná, Yale University y CONICET",,"Estados Unidos"
"Ferrari, Mariano","CESIMAR-CONICET, Puerto Madryn",Chubut,Argentina
"Ferraro, Franco","Reserva El Potrero, Gualeguaychú","Entre Rios",Argentina
"Ferreiro, Alejandro M.","Laboratorio de Genética de Poblaciones, Instituto de Diversidad y Ecología Animal (IDEA), CONICET-Universidad Nacional de Córdoba",Córdoba,Argentina
"Ferreyra, Nicolás","Parque Nacional Lanín, Administración de Parques Nacionales, San Martín de los Andes",Neuquén,Argentina
"Ferro, L. Ignacio","Instituto de Ecorregiones Andinas (INECOA), Universidad Nacional de Jujuy - CONICET, S.S. de Jujuy",Jujuy,Argentina
"Flavio Rodrigues","Universidade Federal de Minas Gerais, Brasil",,Brasil
"Flores, Celina","Centro Austral de Investigaciones Científicas y Técnicas (CADIC-CONICET), Ushuaia","Tierra del Fuego",Argentina
"Flores, David","Instituto de Vertebrados, Unidad Ejecutora Lillo (CONICET- Fundación Miguel Lillo), S.M. de Tucumán",Tucumán,Argentina
"Formoso, Anahí E.","Centro para el Estudio de los Sistemas Marinos, CESIMAR-CONICET, Puerto Madryn",Chubut,Argentina
"Fracassi, Natalia","EEA-Delta del Paraná, Instituto Nacional de Tecnología Agropecuaria (INTA), Campana","Buenos Aires",Argentina
"Fraschina, Jimena","Lab. de Roedores Urbanos, Instituto de Ecología, Genética y Evolución de Buenos Aires (IEGEBA), Universidad de Buenos Aires - CONICET",CABA,Argentina
"Funes, Martín","Wildlife Conservation Society - Argentina, Junín de los Andes",Neuquén,Argentina
"Funk, Adelmar","ONG Eco de América, Rivadavia","Buenos Aires",Argentina
"Gallo, Emilce","Parque Nacional Tierra del Fuego, Administración de Parques Nacionales, Ushuaia","Tierra del Fuego",Argentina
"Gallo, Jorge A.","Delegación Regional Patagonia Sur, Administración de Parques Nacionales-CONICET, Ushuaia","Tierra del Fuego",Argentina
"Gamboa Alurralde, Santiago","Programa de Investigaciones de Biodiversidad Argentina (PIDBA), Instituto Miguel Lillo, Universidad Nacional de Tucumán-CONICET y Programa de Conservación de los Murciélagos de Argentina (PCMA)",Tucumán,Argentina
"Gandini, Marcelo","Facultad de Agronomía, Universidad Nacional del Centro de la Provincia de Buenos Aires - CICPBA, Azul","Buenos Aires",Argentina
"Gantchof, Mariela","Environmental Science and Forestry, State University of New York",,"Estados Unidos"
"García de la Chica, Alba","Proyecto Mirikina y Universidad de Barcelona",,España
"García, Néstor A.","Laboratorio de Mamíferos Marinos, Centro para el Estudio de Sistemas Marinos, Centro Nacional Patagónico (CESIMAR - CENPAT – CONICET)",Chubut,Argentina
"Gariboldi, María Constanza","Centro de Estudios Biomédicos, Biotecnológicos, Ambientales y Diagnóstico (CEBBAD), Universidad Mamimónides",CABA,Argentina
"Gáspero, Pablo","EEA-Bariloche, Instituto Nacional de Tecnología Agropecuaria (INTA)","Río Negro",Argentina
"Gatica, Ailin","Instituto Multidisciplinario de Investigaciones Biológicas de San Luis (IMIBIO), CONICET-CCT San Luis","San Luis",Argentina
"Gelin, María Laura","Departament of Wildlife Ecology and Conservation y School of Natural Resources and Environment, University of Florida",,"Estados Unidos"
"Giannoni, Stella Maris","INTERBIODES (Interacciones Biológicas en el Desierto), CIGEOBIO (CONICET-UNSJ), y Departamento de Biología, FCEFyN, Universidad Nacional de San Juan","San Juan",Argentina
"Giardino, Gisela","Instituto de Investigaciones Marinas y Costeras (IIMyC), Facultad de Ciencias Exactas y Naturales, Universidad Nacional de Mar del Plata-CONICET","Buenos Aires",Argentina
"Gil, Guillermo E.","Centro de Investigaciones Ecológicas Subtropicales (CIES), Delegación Regional NEA, Administración de Parques Nacionales, Puerto Iguazú",Misiones,Argentina
"Giménez, Analía L.","Laboratorio de Investigacione en Evolución y Biodiversidad (LIEB), Facultad de Ciencias Naturales y Ciencias de la Salud, Universidad Nacional de la Patagonia San Juan Bosco, Esquel",Chubut,Argentina
"Giménez, Sergio R.","Parque Nacional Nahuel Huapi, Administración de Parques Nacionales, Bariloche","Río Negro",Argentina
"Giombini, Mariano","Instituto de Biología Subtropical (IBS), CONICET-Universidad Nacional de Misiones y Centro de Investigaciones del Bosque Atlántico (CeIBA), Puerto Iguazú",Misiones,Argentina
"Giraudo, Alejandro R.","Laboratorio de Biodiversidad y Conservación de Tetrápodos, Instituto Nacional de Limnología (INALI), Univerisidad Nacional del Litoral - CONICET, Santa Fe","Santa Fe",Argentina
"Girini, Juan Manuel","Proyecto Reserva Municipal “Quilque Lil”. Municipalidad Aluminé",Neuquén,Argentina
"Gómez Fernández, María Jimena","Grupo de Genética y Ecología en Conservación y Biodiversidad (GECOBI), Museo Argentino de Ciencias Naturales Bernardino Rivadavia-CONICET",CABA,Argentina
"Gómez Villafañe, Isabel","Lab. de Ecología de Poblaciones, Instituto de Ecología, Genética y Evolución de Buenos Aires (IEGEBA), Universidad de Buenos Aires - CONICET",CABA,Argentina
"Gómez Vinassa, Laura","Área Flora y Fauna, Ministerio de Medio Ambiente, Campo y Producción de la Provincia de San Luis","San Luis",Argentina
"Gómez, Bibiana",,,Argentina
"Gómez, María Daniela","Grupo de Investigación en Ecología Poblacional y Comportamental, Departamento de Ciencias Naturales, Universidad Nacional de Rio Cuarto",Córdoba,Argentina
"Gómez, María Daniela","Instituto de Ecorregiones Andinas (INECOA), Universidad Nacional de Jujuy - CONICET, S.S. de Jujuy",Jujuy,Argentina
"González Ciccia, Paula","Instituto Jane Goodall Argentina",CABA,Argentina
"González Dubox, Cecilia","Centro Austral de Investigaciones Científicas y Técnicas (CADIC-CONICET), Ushuaia","Tierra del Fuego",Argentina
"Gonzalez Fischer, Carlos María","Grupo de Estudios sobre Biodiversidad en Agroecosistemas, Instituto de Ecología, Genética y Evolución de Buenos Aires (IEGEBA), Uiversidad de Buenos Aires - CONICET",CABA,Argentina
"Gonzalez, Alejandro","Dirección de Ecosistemas Terrestres Centro de Ecología Aplicada del Neuquén",Neuquén,Argentina
"González, Raúl","Grupo de Investigación en Mamíferos Marinos del Golfo San Matías, Centro de Investigación Aplicada y Transferencia Tecnológica en Recursos Marinos Almirante Storni (CIMAS-CONICET).","Río Negro",Argentina
"González-Ittig, Raúl E.","Instituto de Diversidad y Ecología Animal (IDEA), CONICET-Universidad Nacional de Córdoba",Córdoba,Argentina
"González-Rivas, Cynthia","INTERBIODES (Interacciones Biológicas en el Desierto), CIGEOBIO (CONICET-UNSJ), y Departamento de Biología, FCEFyN, Universidad Nacional de San Juan","San Juan",Argentina
"Gorostiaga, Nicolás","Facultad de Humanidades y Ciencias, Universidad Nacional del Litoral, Santa Fe","Santa Fe",Argentina
"Gozzi, Cecilia","Instituto de Ecología y Desarrollo Sustentable (INEDES), Universidad Nacional de Luján - CONICET","Buenos Aires",Argentina
"Grandi, M. Florencia.","Laboratorio de Mamíferos Marinos, CESIMAR-CONICET, Puerto Madryn",Chubut,Argentina
"Gregorio, Pablo","Grupo de Investigaciones en Eco-Fisiología de Fauna Silvestre (GIEFAS), Instituto Nacional de Investigaciones en Biodiversidad y Medio Ambiente (INIBIOMA), Asentamiento Universitario San Martín de los Andes - Universidad Nacional del Comahue - CONICET, San Martín de los Andes",Neuquén,Argentina
"Gribaudo, César A.","Museo Educativo Patagónico, Caleta Olivia","Santa Cruz",Argentina
"Gribaudo, Fabio A.","Museo Educativo Patagónico, Proyecto Cetáceos Golfo San Jorge.","Santa Cruz",Argentina
"Guerisoli, María de las Mercedes","Grupo de Genética y Ecología en Conservación y Biodiversidad, División Mastozoología, Museo Argentino de Ciencias Naturales Bernardino Rivadavia - CONICET",CABA,Argentina
"Guerra, Ivana C.","Instituto de Biología de la Altura, Universidad Nacional de Jujuy y Secretaría de Biodiversidad, Ministerio de Ambiente de Jujuy, S.S. de Jujuy",Jujuy,Argentina
"Guichón, María Laura","Instituto de Investigaciones en Biodiversidad y Medioambiente (INIBIOMA, CONICET-UNCo) y Centro de Ecología Aplicada del Neuquén (CEAN), Junín de los Andes",Neuquén,Argentina
"Guiscafré, Agustín N.","Departamento de Ecología y Ciencias Ambientales (DECA),  Universidad Maimónides (UMAI)",CABA,Argentina
"Gutierrez, Ana Susana","Departamento de Fauna y Pesca, Dirección de Fauna y Áreas Naturales Protegidas, Ministerio de Producción, Gobierno de la Provincia de Chaco",Chaco,Argentina
"Harrington, Ana","Laboratorio de Sistemática, Anatomía y Bioecología de Mamíferos Marinos, División Mastozoología, Museo Argentino de Ciencias Naturales Bernardino Rivadavia-CONICET",CABA,Argentina
"Hevia, Marta","Fundación Cethus, Vicente López","Buenos Aires",Argentina
"Hollman, Bernardo","Dirección  de  Recursos Naturales de la Provincia de Corrientes",Corrientes,Argentina
"Holzmann, Ingrid","Instituto de Bio y Geociencias del NOA (IBIGEO-CONICET), Rosario de Lerma",Salta,Argentina
"Iaconis, Karina","Huellas - Asociación para el Estudio y la Conservación de la Biodiversidad, Bahía Blanca","Buenos Aires",Argentina
"Ibañez, Hernán","Fundación Azara",CABA,Argentina
"Iezzi, María Eugenia","Instituto de Biología Subtropical (IBS), CONICET-Universidad Nacional de Misiones y Centro de Investigaciones del Bosque Atlántico (CeIBA), Puerto Iguazú",Misiones,Argentina
"Iñíguez Bessega, Miguel A.","Fundación Cethus, Vicente López","Buenos Aires",Argentina
"Jayat, J. Pablo","Unidad Ejecutora Lillo (CONICET-Fundación M. Lillo)",Tucumán,Argentina
"Juliá, Juan Pablo","Reserva Experimental Horco Molle, Facultad de Ciencias Naturales e Instituto Miguel Lillo, Universidad Nacional de Tucumán",Tucumán,Argentina
"Kin, Marta Susana","Facultad de Ciencias Exactas y Naturales, Universidad Nacional de La Pampa, Santa Rosa","La Pampa",Argentina
"Kittlein, Marcelo J.","Instituto de Investigaciones Marinas y Costeras (IIMyC), Facultad de Ciencias Exactas y Naturales, Universidad Nacional de Mar del Plata - CONICET, Mar del Plata","Buenos Aires",Argentina
"Kowalewski, Martín","Estación Biológica Corrientes (EBCo), Museo Argentino de Ciencias Naturales Bernardino Rivadavia - CONICET",Corrientes,Argentina
"Krauczuk, Ernesto","Parque Provincial Puerto Península, Ministerio de Ecología y Recursos Naturales Renovables de la Provincia de Misiones",Misiones,Argentina
"La Sala, Luciano F.","Instituto de Ciencias Biológicas y Biomédicas del Sur (INBIOSUR), Universidad Nacional del Sur - CONICET, Bahia Blanca","Buenos Aires",Argentina
"Labaroni, Carolina A.","Laboratorio de Genética Evolutiva (LGE), FCEQyN, IBS-Posadas (UNaM-CONICET)",Misiones,Argentina
"Lacey, Eileen A.","Museum of Vertebrate Zoology, UC Berkeley",,"Estados Unidos"
"Lanusse, Lucas","Laboratorio de Ecología Molecular, CADIC-CONICET, Ushuaia","Tierra del Fuego",Argentina
"Lanzone, Cecilia","Laboratorio de Genética Evolutiva (LGE), FCEQyN, IBS-Posadas (UNaM-CONICET)",Misiones,Argentina
"Larrea, Patricio","Área Natural Protegida Punta Marqués, Rada Tilly",Chubut,Argentina
"Lartigau, Bernardo","Programa Areas Protegidas, Fundación Vida Silvestre Argentina y Asociación para la Conservación y Estudio de la Naturaleza (ACEN)","Buenos Aires",Argentina
"Lartigau, Juan Manuel","Dirección General de Bosques, Secretaria de Desarrollo Sustentable y Ambiente, Gobierno de Tierra del Fuego, Antártida e Islas del Atlántico Sur","Tierra del Fuego",Argentina
"Ledesma, Claudio","Dirección de Minería, Medio Ambiente y Recursos Naturales, Gobierno de la Provinicia de Entre Rios","Entre Ríos",Argentina
"Leggieri, Leonardo","Grupo de Investigaciones en Eco-Fisiología de Fauna Silvestre (GIEFAS), Instituto Nacional de Investigaciones en Biodiversidad y Medio Ambiente (INIBIOMA), Asentamiento Universitario San Martín de los Andes - Universidad Nacional del Comahue - CONICET, San Martín de los Andes",Neuquén,Argentina
"León, Vanina","Lab. de Ecología de Poblaciones, Instituto de Ecología, Genética y Evolución de Buenos Aires (IEGEBA), Universidad de Buenos Aires - CONICET",CABA,Argentina
"Leonardi, M. Soledad.","Laboratorio de Ecología de Predadores Tope Marinos, Instituto de Biología de Organismos Marinos (IBIOMAR-CONICET), Puerto Madryn",Chubut,Argentina
"Lessa, Enrique P.","Departamento de Ecología y Evolución, Facultad de Ciencias, Universidad de la República, Montevideo",,Uruguay
"Lewis, Mirtha","Centro para el Estudio de Sistemas Marinos, Centro Nacional Patagónico (CESIMAR - CENPAT – CONICET)",Chubut,Argentina
"Libardi, Gustavo Simões","Instituto de Diversidad y Evolución Austral (IDEAus), CCT CONICET-CENPAT, Puerto",Chubut,Argentina
"Lizárraga, Leónidas","Sistema de Información de Biodiversidad (SIB) y Dirección Regional Noroeste, Administración de Parques Nacionales, Salta",Salta,Argentina
"Lizarralde, Marta Susana","Laboratorio de Ecología Molecular, CADIC-CONICET, Ushuaia","Tierra del Fuego",Argentina
"Llanos, Romina","Instituto Patagónico de Ciencias Sociales y Humanas, CCT-CENPAT-CONICET, Puerto Madryn",Chubut,Argentina
"Lodeiro Ocampo, Nicolás","Fundación Red Yaguareté",CABA,Argentina
"Loizaga de Castro, Rocío","Laboratorio de Mamíferos Marinos, Centro para el Estudio de Sistemas Marinos, Centro Nacional Patagónico (CESIMAR - CENPAT – CONICET).",Chubut,Argentina
"Loizaga, Alberto","Área Natural Protegida Punta Marqués, Rada Tilly",Chubut,Argentina
"López Berrizbeitia, María Fernanda","Programa de Investigaciones de Biodiversidad Argentina (PIDBA), Instituto Miguel Lillo, Universidad Nacional de Tucumán-CONICET, Programa de Conservación de los Murciélagos de Argentina (PCMA) y Fundación Miguel Lillo",Tucumán,Argentina
"Lucchetti, Daniel","Museo Educativo Patagónico, Proyecto Cetáceos Golfo San Jorge. Área Natural Protegida Punta Marqués, Rada Tilly.",Chubut,Argentina
"Lucherini, Mauro","Grupo de Ecología Comportamental de Mamíferos (GECM) e Instituto de Ciencias Biológicas y Biomédicas del Sur (INBIOSUR), Universidad Nacional del Sur-CONICET, Bahía Blanca","Buenos Aires",Argentina
"Luengos Vidal, Estela","Grupo de Ecología Comportamental de Mamíferos (GECM) e Instituto de Ciencias Biológicas y Biomédicas del Sur (INBIOSUR), Universidad Nacional del Sur-CONICET, Bahía Blanca","Buenos Aires",Argentina
"Lutz, María Ayelén","Cátedra de Protección y Conservación de la Naturaleza, Facultad de Ciencias Naturales y Museo, Universidad Nacional de La Plata y Programa de Conservación de los Murciélagos de Argentina (PCMA)","Buenos Aires",Argentina
"Malmierca, Laura","Dirección Regional Patagonia Austral, Administración de Parques Nacionales, Ushuaia","Tierra del Fuego",Argentina
"Mandiola, Agustina","Instituto de Investigaciones Marinas y Costeras (IIMyC), Facultad de Ciencias Exactas y Naturales, Universidad Nacional de Mar del Plata-CONICET","Buenos Aires",Argentina
"Mapelli, Fernando J.","Museo Argentino de Ciencias Naturales ""Bernardino Rivadavia"" - CONICET",CABA,Argentina
"Maranta, Aristóbulo","Parque Nacional El Palmar, Administración de Parques Nacionales","Entre Ríos",Argentina
"Maras, Gustavo A.","Laboratorio de Ecología Aplicada a la Conservación (LEAC), Facultad de Ciencias Naturales, Universidad Nacional de Salta - CONICET, Salta",Salta,Argentina
"Marcelo Tognelli","Biodiversity Assessment Unit, IUCN, Estados Unidos",,"Estados Unidos"
"Marchesi, María Constanza","Laboratorio de Mamíferos Marinos, CESIMAR-CONICET, Puerto Madryn",Chubut,Argentina
"Marín, M. Rosa","Centro para el Estudio de los Sistemas Marinos, CESIMAR-CONICET, Puerto Madryn",Chubut,Argentina
"Marinao, Cristian","Centro para el Estudio de Sistemas Marinos (CESIMAR-CONICET)",Chubut,Argentina
"Marinero, José","Area Flora y Fauna, Secretaría de Ambiente de la Provincia de San Juan","San Juan",Argentina
"Marino, A.","Fundación Cethus",,Argentina
"Maroli, Malena","Laboratorio de Ecología Animal, Centro de Investigaciones Científicas y Transferencia de Tecnología a la Producción (CICyTTP-CONICET), Diamante","Entre Ríos",Argentina
"Marozzi, Antonela","Grupo de Investigaciones en Eco-Fisiología de Fauna Silvestre (GIEFAS), Instituto Nacional de Investigaciones en Biodiversidad y Medio Ambiente (INIBIOMA), Asentamiento Universitario San Martín de los Andes - Universidad Nacional del Comahue - CONICET, San Martín de los Andes",Neuquén,Argentina
"Martin, Gabriel M.","Centro de Investigacion Esquel de Montaña y Estepa Patagónica (CIEMEP) - CONICET y Universidad Nacional de la Patagonia ""San Juan Bosco"", Esquel",Chubut,Argentina
"Martínez, Juan José","Instituto de Ecorregiones Andinas (INECOA), Universidad Nacional de Jujuy - CONICET, S.S. de Jujuy",Jujuy,Argentina
"Massa, Carolina","Lab. de Roedores Urbanos, Instituto de Ecología, Genética y Evolución de Buenos Aires (IEGEBA), Universidad de Buenos Aires - CONICET",CABA,Argentina
"Massaccessi, Guillermina","Parque Nacional Tierra del Fuego, Administración de Parques Nacionales, Ushuaia","Tierra del Fuego",Argentina
"Melzew, Ricardo M.","Parque Nacional Iguazú, Administración de Parques Nacionales",Misiones,Argentina
"Merino, Mariano L.","Centro de Bioinvestigaciones, Centro de Investigaciones y Transferencia del Noroeste de la Provincia de Buenos Aires (CIT-NOBA), UNNOBA-CONICET, Pergamino","Buenos Aires",Argentina
"Mezzabotta, Agustín","Parque Nacional Ciervo de los Pantanos, Administración de Parques Nacionales, Otamendi","Buenos Aires",Argentina
"Milozzi, Carola","Grupo de Investigación en Biología Evolutiva (GIBE), Instituto de Ecología, Genética y Evolución de Buenos Aires (IEGEBA), Universidad de Buenos Aires-CONICET",CABA,Argentina
"Miotti, María Daniela","Programa de Investigaciones de Biodiversidad Argentina (PIDBA), Instituto Miguel Lillo, Universidad Nacional de Tucumán-CONICET y Programa de Conservación de los Murciélagos de Argentina (PCMA)",Tucumán,Argentina
"Mirol, Patricia M.","Grupo de Genética y Ecología en Conservación y Biodiversidad (GECOBI), Museo Argentino de Ciencias Naturales Bernardino Rivadavia-CONICET",CABA,Argentina
"Montani, M. Eugenia","Programa de Investigaciones de Biodiversidad Argentina (PIDBA), Instituto Miguel Lillo, Universidad Nacional de Tucumán-CONICET, Programa de Conservación de los Murciélagos de Argentina (PCMA), Museo Provincial de Ciencias Naturales Dr. Ángel Gallardo",Tucumán,Argentina
"Monteverde, Martín","Dirección de Ecosistemas Terrestres, Centro de Ecología Aplicada del Neuquén, Secretaría de Desarrollo Territorial y Ambiente, Junin de los Andes",Neuquén,Argentina
"Mora, Matías S.","Instituto de Investigaciones Marinas y Costeras (IIMyC), Facultad de Ciencias Exactas y Naturales, Universidad Nacional de Mar del Plata - CONICET, Mar del Plata","Buenos Aires",Argentina
"Morales, Miriam M.","Instituto de Ecorregiones Andinas (INECOA) y Centro de Estudios Territoriales y Sociales (CETAS), Universidad Nacional de Jujuy - CONICET, S. S. de Jujuy",Jujuy,Argentina
"Moreno, Pablo","Grupo de Investigaciones de la Biodiversidad (GiB), Instituto Argentino de Investigaciones de Zonas Aridas (IADIZA), CCT CONICET Mendoza",Mendoza,Argentina
"Moreyra, Pedro","General Lavalle","Buenos Aires",Argentina
"Morgenthaler, Annick","Centro de Investigaciones Puerto Deseado, Instituto de Ciencias Ambientales, Sustentabilidad y Recursos Naturales (ICASUR), Universidad Nacional de la Patagonia Austral, Puerto Deseado","Santa Cruz",Argentina
"Morici, Alejandro","Reserva Educativa Municipal Bajo de Bordenave y Proyecto Asio, Fundación Azara, Puán","Buenos Aires",Argentina
"Mosso, Eduardo","Ministerio de Medio Ambiente, Gobierno de la Provincia de Santa Fe","Santa Fe",Argentina
"Müller, Gisela","Parque Nacional Baritú y Reserva Nacional Nogalar de los Toldos, Administración de Parques Nacionales",Salta,Argentina
"Muschetto, Emiliano","Lab. de Roedores Urbanos, Instituto de Ecología, Genética y Evolución de Buenos Aires (IEGEBA), Universidad de Buenos Aires - CONICET",CABA,Argentina
"Muzzachiodi, Norberto","Dirección de Vinculación y Transferencia Tecnológica, Universidad Autónoma de Entre Ríos, Paraná","Entre Ríos",Argentina
"Negrete, Javier","Instituto Antártico Argentino",CABA,Argentina
"Negri, Agustina","Laboratorio de Sistemática, Anatomía y Bioecología de Mamíferos Marinos, División Mastozoología, Museo Argentino de Ciencias Naturales Bernardino Rivadavia-CONICET",CABA,Argentina
"Nicéforo, Luna","Guardaparques provinciales, Secretaría de Ambiente y Desarrollo Sustentable de la Provincia de Salta",Salta,Argentina
"Nieves, Mariela","Grupo de Investigación en Biología Evolutiva (GIBE), Instituto de Ecología, Genética y Evolución de Buenos Aires (IEGEBA), Universidad de Buenos Aires-CONICET",CABA,Argentina
"Nigro, Norberto","Fundación Red Yaguareté",CABA,Argentina
"Novaro, Andrés J.","Instituto de Investigaciones en Biodiversidad y Medioambiente (INIBIOMA, CONICET-UNCo); Centro de Ecología Aplicada del Neuquén (CEAN) y Widlife Conservation Society, Junín de los Andes",Neuquén,Argentina
"Novillo, Agustina","Instituto de Biodiversidad Neotropical, Universidad Nacional de Tucumán - CONICET, Yerba Buena",Tucumán,Argentina
"Ocampo, Ariel","Ministerio de la Producción y Ambiente, Formosa",Formosa,Argentina
"Ochoa, Ana Cecilia","Instituto Multidisciplinario de Investigaciones Biológicas de San Luis (IMIBIO), CONICET-CCT San Luis","San Luis",Argentina
"Ojeda, Agustina A.","Grupo de Investigaciones de la Biodiversidad (GiB), Instituto Argentino de Investigaciones de Zonas Aridas (IADIZA), CCT CONICET Mendoza",Mendoza,Argentina
"Ojeda, Ricardo A.","Grupo de Investigaciones de la Biodiversidad (GiB), Instituto Argentino de Investigaciones de Zonas Aridas (IADIZA), CCT CONICET Mendoza",Mendoza,Argentina
"Oklander, Luciana","Grupo de Investigación en Genética Aplicada (GIGA), Instituto de Biología Subtropical (IBS), Nodo Posadas,Universidad Nacional de Misiones (UNaM) – CONICET, Posadas",Misiones,Argentina
"Oliva, Gabriel","EEA-Santa Cruz, Instituto Nacional de Tecnología Agropecuaria (INTA), Río Gallegos","Santa Cruz",Argentina
"Orozco, María Marcela","Instituto de Ecología, Genética y Evolución de Buenos Aires (IEGEBA-CONICET) y Facultad de Ciencias Exactas y Naturales, Universidad de Buenos Aires",CABA,Argentina
"Ortiz Aon, Diego","Reserva Experimental Horco Molle, Facultad de Ciencias Naturales e IML, Universidad Nacional de Tucumán, Horco Molle",Tucumán,Argentina
"Ortiz, Pablo E.","Instituto Superior de Correlación Geológica (CONICET - Universidad Nacional de Tucumán)",Tucumán,Argentina
"Ovejero, Ramiro","Instituto de Ecología Regional (IER), Universidad Nacional de Tucumán - CONICET, Yerba Buena",Tucumán,Argentina
"Paez, Melina","Museo Educativo Patagónico, Proyecto Cetáceos Golfo San Jorge. Dpto. de Biología y Ambiente, Facultad de Ciencias Naturales y Ciencias de la Salud, Universidad Nacional de la Patagonia San Juan Bosco. Área Natural Protegida Punta Marqués, Rada Tilly. Chubut.",Chubut,Argentina
"Palacios, Rocío","Alianza Gato Andino",Córdoba,Argentina
"Palmerio, Andrés G.","Departamento de Ecología, Genética y Evolución. Facultad de Ciencias Exactas y Naturales, Universidad de Buenos Aires",CABA,Argentina
"Panebianco, Antonella","Grupo de Investigaciones en Eco-Fisiología de Fauna Silvestre (GIEFAS), Instituto Nacional de Investigaciones en Biodiversidad y Medio Ambiente (INIBIOMA), Asentamiento Universitario San Martín de los Andes - Universidad Nacional del Comahue - CONICET, San Martín de los Andes",Neuquén,Argentina
"Panebianco, Victoria","Instituto de Investigación e Ingeniería Ambiental (3iA), Universidad Nacional de Gral. San Martín-CONICET","Buenos Aires",Argentina
"Parada, Andrés","Universidad Austral de Chile, Valdivia",,Chile
"Parera, Aníbal",Mercedes,Corrientes,Argentina
"Paso Viola, Natalia","Laboratorio de Ecología y Conservación de Vida Silvestre, CADIC-CONICET, Ushuaia","Tierra del Fuego",Argentina
"Pastore, Hernán","Dirección Regional Patagonia Norte, Administración de Parques Nacionales, Bariloche","Río Negro",Argentina
"Paszko, Lorena","Parque Nacional Mburucuyá, Administración de Parques Nacionales, Mburucuyá",Corrientes,Argentina
"Pautasso, Andres","Museo Provincial de Ciencias Naturales Florentino Ameghino, Santa Fe","Santa Fe",Argentina
"Pavé, Romina","Laboratorio de Biodiversidad y Conservación de Tetrápodos, Instituto Nacional de Limnología (INALI), Univerisidad Nacional del Litoral - CONICET, Santa Fe","Santa Fe",Argentina
"Paviolo, Agustin","Instituto de Biología Subtropical (IBS), CONICET-Universidad Nacional de Misiones y Proyecto Yaguareté, Centro de Investigaciones del Bosque Atlántico (CeIBA), Puerto Iguazú",Misiones,Argentina
"Paz, Jesica","Instituto de Investigaciones Marinas y Costeras (IIMyC), Facultad de Ciencias Exactas y Naturales, Universidad Nacional de Mar del Plata-CONICET","Buenos Aires",Argentina
"Pedrana, Julieta","Grupo de Recursos Naturales y Gestión Ambiental, Instituto Nacional de Tecnología Agropecuaria (INTA), Balcarce","Buenos Aires",Argentina
"Pedreira, Paula","Instituto de Ecología y Desarrollo Sustentable (INEDES), Universidad Nacional de Luján - CONICET","Buenos Aires",Argentina
"Peker, Silvana","Dirección Nacional de Biodiversidad, Secretaría de Ambiente y Desarrollo Sustentable de la Nación",CABA,Argentina
"Pereira, Javier A.","División Mastozoología, Museo Argentino de Ciencias Naturales Bernardino Rivadavia (MACN-CONICET)",CABA,Argentina
"Perez Carusi, Lorena","Coordinación Regional Centro Este, Administración de Parques Nacionales","Buenos Aires",Argentina
"Periago, María Eugenia","Fundación Vida Silvestre Argentina (FVSA)",Misiones,Argentina
"Perovic, Pablo G.","Dirección Regional Noroeste, Administración de Parques Nacionales y Proyecto Jaguares en el Límite",Salta,Argentina
"Pfoh, Romina","Instituto de Biología Subtropical (IBS), CONICET-Universidad Nacional de Misiones y Centro de Investigaciones del Bosque Atlántico (CeIBA), Puerto Iguazú",Misiones,Argentina
"Pía, Mónica V.","Instituto de Ciencias de la Tierra y Ambientales de La Pampa (INCITAP), Universidad Nacional de La Pampa - CONICET y Centro para el Estudio y Conservación de las Aves Rapaces en la Argentina (CECARA), Santa Rosa","La Pampa",Argentina
"Piedrabuena, Joaquín","Reserva Natural Vaquerias, Universidad Nacional de Córdoba, Valle Hermoso",Córdoba,Argentina
"Pinotti, Juan D.","Instituto de Diversidad y Ecología Animal (IDEA), CONICET-Universidad Nacional de Córdoba",Córdoba,Argentina
"Piudo, Luciana","Dirección de Ecosistemas Terrestres, Centro de Ecología Aplicada del Neuquén (CEAN), Junín de los Andes",Neuquén,Argentina
"Politi, Natalia","Instituto de Ecorregiones Andinas (INECOA), Universidad Nacional de Jujuy - CONICET - Fundacion CEBio",Jujuy,Argentina
"Poljak, Sebastián","Laboratorio de Ecología Molecular, CADIC-CONICET, Ushuaia","Tierra del Fuego",Argentina
"Porini, Gustavo","Dirección Nacional de Biodiversidad, Secretaría de Ambiente y Desarrollo Sustentable de la Nación",CABA,Argentina
"Pozzi, Carla","CENAC-APN, Parque Nacional Nahuel Huapi-CONICET, Bariloche","Río Negro",Argentina
"Prado, Walter","Dirección Nacional de Biodiversidad, Secretaría de Ambiente y Desarrollo Sustentable de la Nación",CABA,Argentina
"Previtali, María Andrea","Departamento de Ciencias Naturales, Facultad de Humanidades y Ciencias, Universidad Nacional del Litoral, Santa Fe","Santa Fe",Argentina
"Prevosti, Francisco J.","Centro Regional de Investigaciones Científicas y Transferencia Tecnológica de La Rioja (CRILAR), Universidad Nacional de La Rioja - CONICET, Anillaco","La Rioja",Argentina
"Priotto, José W.","Facultad de Ciencias Exactas, Físico-Químicas y Naturales, Universidad Nacional de Río Cuarto-CONICET",Córdoba,Argentina
"Procopio, Diego E.","Centro de Investigaciones Puerto Deseado, Instituto de Ciencias Ambientales, Sustentabilidad y Recursos Naturales (ICASUR), Universidad Nacional de la Patagonia Austral, Puerto Deseado","Santa Cruz",Argentina
"Provensal, M. Cecilia","Facultad de Ciencias Exactas, Físico-Químicas y Naturales, Universidad Nacional de Río Cuarto",Córdoba,Argentina
"Puechagut, Patricia","Universidad Nacional de Jujuy - CONICET y Fundación CEBio",Jujuy,Argentina
"Quatrocchi, Maira","Facultad de Quimica, Bioquímica y Farmacia, Universidad Nacional de San Luis","San Luis",Argentina
"Qüense, Jorge","Instituto de Geografía, Pontificia Universidad Católica de Chile, Santiago de Chile",,Chile
"Quintana, Rubén","Instituto de Investigación e Ingeniería Ambiental (3iA), Universidad Nacional de Gral. San Martín-CONICET","Buenos Aires",Argentina
"Quiroga, Verónica A.","Instituto de Diversidad y Ecología Animal (IDEA - CONICET), Centro de Zoología Aplicada, Universidad Nacional de Córdoba - Centro de Investigaciones del Bosque Atlántico (CeIBA)",Córdoba,Argentina
"Quse, Viviana","IUCN/Tapir Specialist Group, Santa Fe","Santa Fe",Argentina
"Raño, Mariana","Estación Biológica Corrientes (EBCo), Museo Argentino de Ciencias Naturales Bernardino Rivadavia - CONICET",Corrientes,Argentina
"Relva, María Andrea","INIBIOMA, Universidad Nacional del Comahue - CONICET, Bariloche","Río Negro",Argentina
"Reppucci, Juan I.","CONICET, Administración de Parques Nacionales, Dirección Regional Noroeste y Proyecto Jaguares en el Límite",Salta,Argentina
"Retana, Valeria","Facultad Regional de Chubut, Universidad Tecnológica Nacional, Puerto Madryn",Chubut,Argentina
"Reyes, Laura M.","Universidad Nacional de la Patagonia San Juan Bosco, Comodoro Rivadavia",Chubut,Argentina
"Reyes, Vanesa","Fundación Cethus",,Argentina
"Ricci, Adriana","Dirección de Recursos Naturales, OPDS, La Plata","Buenos Aires",Argentina
"Ricciardelli, Luciana","Laboratorio de Ecologia y Conservación de Vida Silvestre, CADIC-CONICET y Museo Acatushún de Aves y Mamíferos Marinos Australes, Ushuaia","Tierra del Fuego",Argentina
"Riera, Marina","Dpto. de Biología y Ambiente, Facultad de Ciencias Naturales y Ciencias de la Salud, Universidad Nacional de la Patagonia San Juan Bosco.",Chubut,Argentina
"Rimoldi, Pablo G.","Centro de Investigaciones Científicas y de Transferencia a la Producción (CICyTTP – CONICET), Diamante","Entre Ríos",Argentina
"Rivera, Daniela S.","GEMA Center for Genomics, Ecology & Environment, Facultad de Ciencias, Universidad Mayor, Santiago de Chile",,Chile
"Rivera, Luis O.","Instituto de Ecorregiones Andinas (INECOA), Universidad Nacional de Jujuy - CONICET - Fundacion CEBio",Jujuy,Argentina
"Rodríguez Heredia, Sergio A.","Fundación Mundo Marino, San Clemente del Tuyú","Buenos Aires",Argentina
"Rodríguez, Daniela","IADIZA-CONICET y FCA-UNCuyo, Mendoza",Mendoza,Argentina
"Rodríguez, Diego","Instituto de Investigaciones Marinas y Costeras (IIMyC), Facultad de Ciencias Exactas y Naturales, Universidad Nacional de Mar del Plata-CONICET","Buenos Aires",Argentina
"Rodríguez-Planes, Lucía Inés","Instituto de Ciencias Polares, Ambiente y Recursos Naturales (ICPA), Universidad Nacional de Tierra del Fuego – CONICET","Tierra del Fuego",Argentina
"Rogel, Tania G.","Departamento Académico de Ciencias Exactas, Físicas y Naturales (DACEFyN), Universidad Nacional de La Rioja","La Rioja",Argentina
"Rogerio Cunha de Paula","Canid Specialist Group, IUCN y CENAP-ICMBio, Brasil",,Brasil
"Rojo, Verónica","VICAM, Instituto de Ecorregiones Andinas (INECOA-CONICET) y Universidad Nacional de Jujuy, S.S. de Jujuy",Jujuy,Argentina
"Romero, M. Alejandra","Grupo de Investigación en Mamíferos Marinos del Golfo San Matías, Centro de Investigación Aplicada y Transferencia Tecnológica en Recursos Marinos Almirante Storni (CIMAS-CONICET)","Río Negro",Argentina
"Rossi, María Susana","Instituto de Fisiología, Biología Molecular y Neurociencias (IFIByNE), Facultad de Ciencias Exactas y Naturales, Universidad de Buenos Aires - CONICET",CABA,Argentina
"Rotta, Gustavo","Dirección de Ordenamiento Territorial, Ministerio de la Producció, Santa Fe","Santa Fe",Argentina
"Rotundo, Marcelo","Proyecto Mirikiná y Fundación E.C.O., Formosa",Formosa,Argentina
"Roulier, Catherine","Centro Austral de Investigaciones Científicas y Técnicas (CADIC-CONICET) e Instituto de Cultura, Sociedad y Estado (ICSE), Universidad Nacional de Tierra del Fuego (UNTDF), Ushuaia","Tierra del Fuego",Argentina
"Sánchez Dómina, Rosarito","Facultad de Ciencias Exactas y Naturales, Universidad Nacional de Cuyo, Mendoza",Mendoza,Argentina
"Sánchez, Juliana","Centro de Bioinvestigaciones, Centro de Investigaciones y Transferencia del Noroeste de la Provincia de Buenos Aires (CIT-NOBA), UNNOBA-CONICET, Pergamino","Buenos Aires",Argentina
"Sánchez, Julieta","Laboratorio de Ecología Molecular, CADIC-CONICET, Ushuaia","Tierra del Fuego",Argentina
"Sánchez, Mariano S.","Instituto de Biología Subtropical (IBS), CONICET-Universidad Nacional de Misiones y Laboratorio de Genética Evolutiva, Facultad de Ciencias Exactas, Químicas y Naturales, Universidad Nacional de Misiones (UNaM), Posadas",Misiones,Argentina
"Sánchez, R. Tatiana","Programa de Investigaciones de Biodiversidad Argentina (PIDBA), Instituto Miguel Lillo, Universidad Nacional de Tucumán-CONICET y Programa de Conservación de los Murciélagos de Argentina (PCMA)",Tucumán,Argentina
"Sánchez, Tatiana R.","Programa de Investigación de Biodiversidad Argentina (PIDBA), Facultad de Ciencias Naturales e Instituto Miguel Lillo, Universidad Nacional de Tucumán - CONICET",Tucumán,Argentina
"Sandoval, María Leonor","Instituto de Investigación en Luz, Ambiente y Vision (ILAV), Programa de Investigaciones en Biodiversidad Argentina (PIDBA), Instituto Miguel Lillo, Universidad Nacional de Tucumán-CONICET",Tucumán,Argentina
"Sanguinetti, Javier","Departamento de Conservación y Manejo, Parque Nacional Lanín, Administración de Parques Nacionales, San Martín de los Andes",Neuquén,Argentina
"Santillan, Juan","Reserva Nacional Formosa - APN",Formosa,Argentina
"Santillán, Juan Gabriel","Reserva Natural Formosa, Administración de Parques Nacionales, Ing. Juárez",Formosa,Argentina
"Sassi, Paola","IADIZA-CONICET y FCA-UNCuyo, Mendoza",Mendoza,Argentina
"Schiaffini, Mauro I.","Laboratorio de Investigaciones en Evolución y Biodiversidad (LIEB), Centro de Investigación Esquel de Montaña y Estepa Patagónica (CIEMEP), Universidad Nacional de la Patagonia San Juan Bosco - CONICET, Esquel",Chubut,Argentina
"Schiavini, Adrián C. M.","Ecología y Conservación de Vida Silvestre, CADIC-CONICET, Ushuaia","Tierra del Fuego",Argentina
"Schneider, Cristian F.","Asociación para la Conservación y Estudio de la Naturaleza (ACEN)",Córdoba,Argentina
"Schroeder, Natalia","Instituto Argentino de Investigaciones de las Zonas Áridas (IADIZA), CCT Mendoza - CONICET",Mendoza,Argentina
"Scorolli, Alberto","GEKKO (Grupo Estudios en Conservación y Manejo), Dto de Biología, Bioquímica y Farmacia, Universidad Nacional del Sur, Bahía Blanca","Buenos Aires",Argentina
"Segovia, José Manuel","Secretaría de Biodiversidad, Ministerio de Ambiente de la Provincia de Jujuy, S.S. de Jujuy",Jujuy,Argentina
"Segura, Valentina","Unidad Ejecutora Lillo (UEL), Fundacion Miguel Lillo-CONICET, S. M. de Tucumán",Tucumán,Argentina
"Siroski, Pablo","Ministerio de Medio Ambiente, Gobierno de la Provincia de Santa Fe","Santa Fe",Argentina
"Sobral Zotta, Nazareno","Instituto de Ecología, Genética y Evolución de Buenos Aires (IEGEBA), Uiversidad de Buenos Aires - CONICET",CABA,Argentina
"Sobrero, Raúl","Laboratorio de Ecología de Enfermedades, Instituto de Ciencias Veterinarias del Litoral (ICiVet-Litoral), Universidad Nacional del Litoral (UNL) y CONICET, Esperanza","Santa Fe",Argentina
"Soibelzon, Esteban","División Paleontología Vertebrados, Universidad Nacional La Plata - CONICET","Buenos Aires",Argentina
"Soler, Lucía","Departamento de Biolgía, Bioquímica y Farmacia, Universidad Nacional del Sur, Bahía Blanca","Buenos Aires",Argentina
"Suárez, Olga Virginia","Lab. de Roedores Urbanos, Instituto de Ecología, Genética y Evolución de Buenos Aires (IEGEBA), Universidad de Buenos Aires - CONICET",CABA,Argentina
"Sueyro, Nicolás","Laboratorio de Mamíferos Marinos, CESIMAR-CONICET, Puerto Madryn",Chubut,Argentina
"Superina, Mariella","Instituto de Medicina y Biología Experimental de Cuyo (IMBECU), CONICET, Mendoza",Mendoza,Argentina
"Svendsen, Guillermo","Grupo de Investigación en Mamíferos Marinos del Golfo San Matías, Centro de Investigación Aplicada y Transferencia Tecnológica en Recursos Marinos Almirante Storni (CIMAS-CONICET)","Río Negro",Argentina
"Talak (Mendoza), Najuaj (José)","Reserva Nacional Formosa - APN",Formosa,Argentina
"Tallei, Ever Denis","Instituto de Ecorregiones Andinas (INECOA), Universidad Nacional de Jujuy - CONICET, S.S. de Jujuy",Jujuy,Argentina
"Tamara, Ricardo","Departamento de Ciencias Naturales, Facultad de Humanidades y Ciencias, Universidad Nacional del Litoral, Santa Fe","Santa Fe",Argentina
"Tamburini, Daniela M.","Centro de Ecología y Recursos Naturales Renovables (CERNAR), IIBYT, Universidad Nacional de Córdoba - CONICET",Córdoba,Argentina
"Tammone, Agostina","Centro de Investigación Veterinaria de Tandil (CIVETAN), Facultad de Ciencias Veterinarias, UNICEN, Tandil","Buenos Aires",Argentina
"Tammone, Mauro N.","CENAC-APN, Parque Nacional Nahuel Huapi-CONICET, Bariloche","Río Negro",Argentina
"Taraborelli, Paula","EEA-Barrow, Instituto Nacional de Tecnología Agropecuaria (INTA) Centro Regional Buenos Aires Sur, Tres Arroyos","Buenos Aires",Argentina
"Tarquino-Carbonell, Andrea del Pilar","Grupo de Investigaciones de la Biodiversidad (GiB), Instituto Argentino de Investigaciones de Zonas Aridas (IADIZA), CCT CONICET Mendoza",Mendoza,Argentina
"Tejedor, Marcelo","Instituto Patagónico de Geología y Paleontología, CENPAT-CONICET, Puerto Madryn",Chubut,Argentina
"Tellaeche, Cintia G.","Instituto de Ecorregiones Andinas (INECOA) y Centro de Estudios Territoriales Ambientales y Sociales (CETAS), Facultad de Ciencias Agrarias, Universidad Nacional de Jujuy - CONICET",Jujuy,Argentina
"Tellarini, Juan Francisco","Grupo de Genética y Ecología en Conservación y Biodiversidad (GECOBI), Museo Argentino de Ciencias Naturales Bernardino Rivadavia-CONICET",CABA,Argentina
"Terán, Andrés",Rosario,"Santa Fe",Argentina
"Tessaro, Florencia","Área Flora y Fauna, Ministerio de Medio Ambiente, Campo y Producción de la Provincia de San Luis","San Luis",Argentina
"Teta, Pablo","División Mastozoología, Museo Argentino de Ciencias Naturales Bernardino Rivadavia (MACN-CONICET)",CABA,Argentina
"Tomasco, Ivanna H.","Departamento de Ecología y Evolución, Facultad de Ciencias, Universidad de la República, Montevideo",,Uruguay
"Torres, Julio","Instituto de Diversidad y Evolución Austral (IDEAus), CCT CONICET-CENPAT, Puerto Madryn",Chubut,Argentina
"Torres, Ricardo M.","Instituto de Diversidad y Ecología Animal (IDEA), CONICET-Universidad Nacional de Córdoba",Córdoba,Argentina
"Torresín, Jerónimo","Fundación Temaikén, Posadas",Misiones,Argentina
"Trimarchi, Laura I.","Instituto de Diversidad y Ecología Animal (IDEA), CONICET-Universidad Nacional de Córdoba",Córdoba,Argentina
"Trucco, Carlos","Parque Nacional Río Pilcomayo, Administración de Parques Nacionales",Formosa,Argentina
"Tujague, María Paula","Facultad de Ciencias Forestales (UNaM), Instituto de Biología Subtropical (IBS), CONICET-Universidad Nacional de Misiones y Centro de Investigaciones del Bosque Atlántico (CeIBA), Puerto Iguazú",Misiones,Argentina
"Túnez, Juan Ignacio","Grupo de Investigación en Ecología Molecular (GIEM), Instituto de Ecología y Desarrollo Sustentable (INEDES-CONICET-UNLu), Luján","Buenos Aires",Argentina
"Udrizar Sauthier, Daniel E.","Grupo de Estudio de Mamíferos Terrestres (GEMTE), Instituto Patagónico para el Estudio de los Ecosistemas Continentales (IPEEC-CONICET), Puerto Madryn y Facultad de Ciencias Naturales, UNPSJB",Chubut,Argentina
"Uhart, Marcela","Karen C. Drayer Wildlife Health Center’s Latin America Program, Universidad de California, Davis",,"Estados Unidos"
"Urquizo, José Humberto","Instituto de Ecorregiones Andinas (INECOA), Universidad Nacional de Jujuy - CONICET y Programa de Conservación de los Murciélagos de Argentina (PCMA), S.S. de Jujuy",Jujuy,Argentina
"Vadell, María Victoria","Instituto de Ecología Genética y Evolución, Universidad de Buenos Aires-CONICET e Instituto Nacional de Medicina Tropical (INMeT), Ministerio de Salud de la Nación, Puerto Iguazú",CABA,Argentina
"Valenzuela, Alejandro E. J.","Instituto de Ciencias Polares, Ambiente y Recursos Naturales (ICPA), Universidad Nacional de Tierra del Fuego-CONICET, Ushuaia","Tierra del Fuego",Argentina
"Vales, Damián G.","Laboratorio de Mamíferos Marinos, CESIMAR-CONICET, Puerto Madryn",Chubut,Argentina
"Valese, N.","Fundación Cethus",,Argentina
"Valqui, Juan","Laboratorio de Biología Marina, Departamento de Ciencias Biológicas y Fisiológicas, Universiad Peruana Cayetano Heredia y IUCN/SSC/Otter Specialist Group",,Perú
"Vanderhoeven, Ezequiel","Instituto de Medicina Tropical (INMET) y Centro de Investigaciones del Bosque Atlántico (CeIBA), Puerto Iguazú",Misiones,Argentina
"Vaquero, Daniel","Dpto. de Biología y Ambiente, Facultad de Ciencias Naturales y Ciencias de la Salud, Universidad Nacional de la Patagonia San Juan Bosco",Chubut,Argentina
"Varela, Diego","Instituto de Biología Subtropical (IBS), CONICET-Universidad Nacional de Misiones y Centro de Investigaciones del Bosque Atlántico (CeIBA), Puerto Iguazú",Misiones,Argentina
"Varela, Esperanza A.","Laboratorio de Sistemática, Anatomía y Bioecología de Mamíferos Marinos, División Mastozoología, Museo Argentino de Ciencias Naturales Bernardino Rivadavia-CONICET",CABA,Argentina
"Vespa, Natalia I.","Instituto de Biología Subtropical (IBS), CONICET-Universidad Nacional de Misiones, Facultad de Ciencias Forestales (FACFOR-UNaM) y Centro de Investigaciones del Bosque Atlántico (CeIBA), Puerto Iguazú",Misiones,Argentina
"Vilá, Bibiana","VICAM y Departamento de Ciencias Sociales, Universidad Nacional de Luján - CONICET, Luján","Buenos Aires",Argentina
"Vilardo, Gimena","Dpto. de Biología y Ambiente, Facultad de Ciencias Naturales y Ciencias de la Salud, Universidad Nacional de la Patagonia San Juan Bosco.",Chubut,Argentina
"Villalba, Sabrina","Programa de Investigaciones de Biodiversidad Argentina (PIDBA), Instituto Miguel Lillo, Universidad Nacional de Tucumán-CONICET, Programa de Conservación de los Murciélagos de Argentina (PCMA) y ACEN (Asociación para la Conservación y el Estudio de la Naturaleza)",Tucumán,Argentina
"Walker, R. Susan","Consultora independiente, Junín de los Andes",Neuquén,Argentina
"Winter, Marina","Centro de Investigaciones y Transferencia de Río Negro, Universidad Nacional de Rio Negro - CONICET, Viedma","Río Negro",Argentina
"Zalazar, Sofía","Laboratorio de Biología de la Conservación, Centro de Ecología Aplicada del Litoral (CECOAL) - CONICET",Corrientes,Argentina
"Zamboni, Talia","The Conservation Land Trust Argentina (CLT), Mercedes",Corrientes,Argentina
"Zapata, Sonia C.","Centro de Investigaciones Puerto Deseado, Instituto de Ciencias Ambientales, Sustentabilidad y Recursos Naturales (ICASUR), Universidad Nacional de la Patagonia Austral, Puerto Deseado","Santa Cruz",Argentina
"Zuleta, Gustavo A.","Departamento de Ecología y Ciencias Ambientales (DECA),  Universidad Maimónides (UMAI)",CABA,Argentina
"Zunino, Gabriel","Instituto del Conurbano, Universidad Nacional de General Sarmiento","Buenos Aires",Argentina
"Zurita, Gustavo A.","Instituto de Biología Subtropical (IBS), CONICET-Universidad Nacional de Misiones y Centro de Investigaciones del Bosque Atlántico (CeIBA), Puerto Iguazú",Misiones,Argentina